{"cameraMode":{"drawMode":0,"name":"Shaded","section":"Shading Mode"},"sceneLighting":false,"audioPlay":false,"sceneViewState":{"m_AlwaysRefresh":false,"showFog":true,"showSkybox":false,"showFlares":true,"showImageEffects":true,"showParticleSystems":true,"showVisualEffectGraphs":true,"m_FxEnabled":true},"in2DMode":false,"pivot":{"x":0.19000005722045899,"y":0.09000003337860108,"z":0.48999977111816409},"rotation":{"x":-0.2532815635204315,"y":-0.5453709363937378,"z":0.177288219332695,"w":-0.7791131734848023},"size":5.6667890548706059,"orthographic":false}